01:04,2361
01:14,107
01:24,1565
01:34,50
01:44,105
01:54,149
02:04,1232
02:14,208
02:24,65
02:34,91
02:44,659
02:54,198
03:04,1051
03:14,735
03:24,39
03:34,56
03:44,57
03:54,857
04:04,68
04:14,1261
04:24,467
04:34,1150
04:44,72
04:54,49
05:04,59
05:14,176
05:24,65
05:34,68
05:44,922
05:54,52
06:04,722
06:14,323
06:24,522
06:34,60
06:44,60
06:54,546
07:04,50
07:14,1215
07:24,671
07:34,427
07:44,567
07:54,3242
08:04,1069
08:14,-1
08:24,-1
08:34,-1
08:44,-1
08:54,-1
09:04,-1
09:14,-1
09:24,-1
09:34,-1
09:44,-1
09:54,-1
10:04,-1
10:14,-1
10:24,-1
10:34,-1
10:44,-1
10:54,-1